{"epoch": 0, "train_loss": 0.5166984691954496, "val_loss": 0.72802734375, "val_acc": 67.12328338623047, "lr": 1e-06, "AUC": 0.7073170731707317, "Recall": 1.0, "Precision": 0.5714285714285714, "F1": 0.7272727272727273, "Sensitivity": 1.0, "Specificity": 0.5714285714285714, "Acc_low": 0.5, "Acc_high": 1.0, "Acc_benign": 0.8461538461538461, "Acc_atypical": 0.37142857142857144, "Acc_suspicious": 1.0, "Acc_cancer": 1.0, "_timestamp": 1718311448.8140275, "_runtime": 8.426762580871582, "_step": 0, "_wandb": {"runtime": 8}}