{"epoch": 2, "train_loss": 0.37324711314418857, "val_loss": 0.451171875, "val_acc": 84.93150329589844, "lr": 9.755282581475767e-07, "AUC": 0.8624237804878049, "Recall": 0.96875, "Precision": 0.7560975609756098, "F1": 0.8493150684931506, "Sensitivity": 0.96875, "Specificity": 0.7560975609756098, "Acc_low": 0.7916666666666666, "Acc_high": 0.975, "Acc_benign": 1.0, "Acc_atypical": 0.7142857142857143, "Acc_suspicious": 0.9629629629629629, "Acc_cancer": 1.0, "_timestamp": 1718311381.202647, "_runtime": 14.536499977111816, "_step": 2, "_wandb": {"runtime": 14}}